hash,len,violations
01290db4bd1bc5edb875b4f210c2c236655791dfeb64769816041e6e4bc2b1d9,47,length
0601104d8272e465089c32a23d908c23a4733275372a3efa54a7fc06e407e010,39,length
060a41a856f1eb1df914f1b7c4032b354d1ee5125c02651266c63e8dc3d6bf50,39,length
096ac1942fe10445eea25fdfd4dc8909d1a3cd32c0a9e345c6f7118ddbee4ef1,41,length
0cb6fa1baae1233b32d4b85f35853b95c12a65e3b1cf9de2e4b9ecbc2a458ed8,42,length
0e7a53ce2cf3649436af035f1cdf3243177fbd88af84a837eb13bb5d9306a8f3,41,length
0fecc5784e55f06e4fb544a61cb1a86426c64dad5b4bb916f64322971276ce75,49,length
1406992bc97769e9ec66434910c8cebad2123d285e8464758cbe82f3ce410485,49,length
36bbde8b0861c911272f2d8e877c0016f395e80ddd549cbc3da2b241c2d8f5de,36,hash_type
3c47810dda747b38f563ede3ce9ad53b2cb17e928381f08794c73a25ce591cb8,41,length
3ecf4b0c97f9ed08ca543a1342754dbb6be023b64dd6277dfca9c32415cf683e,42,length
43ac57384e910bf737957e35f755b13f9d2b2c65eb63ad84295f33629744a056,43,length
46b91fa4eebce6b3dbe50bb69ef1a653bc9777f3b3958157ba4a57e05e17842e,36,codec
47d94b2fd7901c2b14fde303b2e94a7b1f7acc0146652721a63fc4a5265916bc,40,length
47ebc23472bd1baaeb124996a550954c3d1f263a970e4b8208436f659bec9818,52,length
4ccca7496dd5d20ebd9e2a286d94a7073b07cb23d3858e439fbb0fabc731817a,51,length
5059f5519e85986b9c26731b3e1d9bf8ed5d3002c0dbac744758c1827de839ce,46,length
52ec7226dff913ce7b460716c26cd43dcfefb50d4fa981a840d9f94c1bf69072,51,length
55bddfd34f3ec57a3ab7796c1c8765fb3b6dc3833cfaa9520e6090c7790bd510,37,length
5aee278657addfe97b81989c8ea10b60da79847c67925330880de5905b6fc6a6,36,hash_type
65b17d384268122b5c0920ecf969446da576336ba727335a7e19a54edbf17b2f,50,length
67e007ca44768d82392693a6790bee48536430ea9412f231755975eb43141285,37,length
7433a916ac899ec30deb11fb4c1e12f3c449e5aeb8b880f6aecf47824d9ded24,40,length
889994bc454d889de8df5f5c6d19883d11a3c9c4cff0b6b7c66d3aca7b949bcb,50,length
8d0dd9bd162f22d3d64fea649a4aaf6c7dc52524ba1fe37f67f667853529e8bf,45,length
97e4ef4eae13c67f689cc284286c80f0227053c719eb683ccebb237ee8312963,43,length
9a695e1168b84c7b621270111b54ed8f86b80dd3cfa4563a0ef8905101ecb1dc,37,length
a0018ad2bc0d604d3e04bb5ded6612b9d5fc24d14445d95c4fa9efbe0164adc8,46,length
a41e292fdaabb0e89c6e6bbb94caf357216792edd25e6dd39b7e4cbf5ed45a55,38,length
a60d8d46654f4a943e275457c3b2a54bbe3c325c05b4182ba3f1792cd483f2ac,49,length
a710392841440fe3e79f37d321a249c4ec4fff1114e558b288658c22c736d81c,41,length
a8fdb89334f0f2e721defe607c08f5b7af4f03dfa09a760ade7072219ca229c5,47,length
ad4f6a4b2e66a1edc62b724ce60da835010953f19d825891522f6ff17bcee3c8,49,length
af03fbed22dfb53599706f12a8a4a6dc5180ce76a7379dea048c5e32a827ba13,49,length
bd72a2e45a798583f42a3294e4ed8ba33644a80ab13af91c605b23b4bd84e8ee,47,length
c1743202e742b2d7e024ca8d2d42629651594042a02947e05e53e9f5a07ee246,45,length
c4876d02616305722fe975d73cceb9a54c5575407f3cfa2544c018c478bbe6c1,50,length
cd1b8c530ad13520a86afce06a11aab780d47cf5a7d39b78ca709c76976d965d,49,length
d45b57e6203074f70ebabd13b378b42e425f342e1dcb1dbfe01412e56b0f6cc1,43,length
d583fd223ec923d9b9e8936b3062e47bb5b425196078d5702bddc62a887d0a91,50,length
d8a8033442cc36f8de3ce4047e143d7b4df5efcd5e9d552b6a6703bc0999a30c,52,length
db2cec9373a1182147a50e0512c4e5475ef4756dc9fa5bfbecab10616a17b6f9,43,length
dbf5c6915aa7fb84ddbe76bf05e9e6cfa40c4c321c7b028acc10e8dc9baed08a,39,length
ddeb0ae0d171689ca668f7a53e5ffa42eed47e1ab6682a9784f8f33136d5c009,47,length
e7f59c2c5b31dd35cb3d6f89d5fd8a1af9db508368276931d731215f2c9d8979,44,length
f14aba4c3d2c47cdabb48d98f0fdb90949c9e9573f09b613e1890ea595d283b8,44,length
f4cb146e7cf8b9214c3ad20f11760087d3313dd55f17e2ee437820bfaaf3ef93,39,length
f95efb7ab7a8b7da09dc03d8746eb1b419cada4edf36daf83e59f51467aa534f,39,length
fe22ef1730227077fd70634b95bd8f0409de837042470fae10d9b4992581abfa,41,length
fe810d38e285155b3c90c8520da95893fa1e9df9f345f5e4edb060dc2da0dd22,43,length
